,season,Unnamed: 0,movie,studio,gross,release,time,quarter,year
43,Q2 1989,0.0,Batman,Warner Bros.,251188924.0,1989/6/23,1989/6/30,Q2,1989
369,Q4 1989,8.0,The Little Mermaid,Walt Disney Studios Motion Pictures,84355863.0,1989/11/17,1989/12/31,Q4,1989
408,Q4 1989,10.0,The War of the Roses,Twentieth Century Fox,86888546.0,1989/12/8,1989/12/31,Q4,1989
249,Q3 1989,3.0,Parenthood,Universal Pictures,100047830.0,1989/8/2,1989/9/30,Q3,1989
101,Q4 1989,26.0,Driving Miss Daisy,Warner Bros.,106593296.0,1989/12/15,1989/12/31,Q4,1989
239,Q4 1989,6.0,National Lampoon's Christmas Vacation,Warner Bros.,71319526.0,1989/12/1,1989/12/31,Q4,1989
125,Q2 1989,2.0,Ghostbusters II,Columbia Pictures,112494738.0,1989/6/16,1989/6/30,Q2,1989
38,Q4 1989,4.0,Back to the Future Part II,Universal Pictures,118450002.0,1989/11/22,1989/12/31,Q4,1989
173,Q2 1989,1.0,Indiana Jones and the Last Crusade,Paramount Pictures,197171806.0,1989/5/24,1989/6/30,Q2,1989
429,Q4 1989,5.0,Twins,Universal Pictures,111938388.0,1989/12/9,1989/12/31,Q4,1989
221,Q4 1990,77.0,Misery,Columbia Pictures,61276872.0,1990/11/30,1990/12/31,Q4,1990
259,Q1 1990,94.0,Pretty Woman,Walt Disney Studios Motion Pictures,178406268.0,1990/3/23,1990/3/31,Q1,1990
155,Q4 1990,72.0,Home Alone,Twentieth Century Fox,285761243.0,1990/11/16,1990/12/31,Q4,1990
417,Q2 1990,73.0,Total Recall,Sony Pictures Releasing,119394840.0,1990/6/1,1990/6/30,Q2,1990
85,Q4 1990,75.0,Dances with Wolves,Orion Pictures,184208848.0,1990/11/9,1990/12/31,Q4,1990
192,Q4 1990,79.0,Kindergarten Cop,Universal Pictures,91457688.0,1990/12/22,1990/12/31,Q4,1990
350,Q4 1990,90.0,The Godfather: Part III,Paramount Pictures,66666062.0,1990/12/25,1990/12/31,Q4,1990
4,Q4 1990,76.0,3 Men and a Little Lady,Walt Disney Studios Motion Pictures,71609321.0,1990/11/21,1990/12/31,Q4,1990
39,Q2 1990,74.0,Back to the Future Part III,Universal Pictures,87727583.0,1990/5/25,1990/6/30,Q2,1990
104,Q4 1990,81.0,Edward Scissorhands,Twentieth Century Fox,56362352.0,1990/12/7,1990/12/31,Q4,1990
120,Q4 1991,208.0,Fried Green Tomatoes,Universal Pictures,82418501.0,1991/12/27,1991/12/31,Q4,1991
111,Q4 1991,157.0,Father of the Bride,Walt Disney Studios Motion Pictures,89325780.0,1991/12/20,1991/12/31,Q4,1991
308,Q4 1991,154.0,Star Trek VI: The Undiscovered Country,Paramount Pictures,74888996.0,1991/12/6,1991/12/31,Q4,1991
40,Q2 1991,148.0,Backdraft,Universal Pictures,77868585.0,1991/5/24,1991/6/30,Q2,1991
65,Q4 1991,153.0,Cape Fear,Universal Pictures,79091969.0,1991/11/15,1991/12/31,Q4,1991
124,Q3 1991,167.0,Ghost,Paramount Pictures,217631306.0,1991/7/13,1991/9/30,Q3,1991
266,Q2 1991,172.0,Robin Hood: Prince of Thieves,Warner Bros.,165493908.0,1991/6/14,1991/6/30,Q2,1991
51,Q4 1991,150.0,Beauty and the Beast,Walt Disney Studios Motion Pictures,145863363.0,1991/11/15,1991/12/31,Q4,1991
400,Q1 1991,146.0,The Silence of the Lambs,Orion Pictures,130742922.0,1991/2/14,1991/3/31,Q1,1991
326,Q4 1991,147.0,The Addams Family,Paramount Pictures,113502426.0,1991/11/22,1991/12/31,Q4,1991
8,Q4 1992,240.0,A Few Good Men,Columbia Pictures,141340178.0,1992/12/11,1992/12/31,Q4,1992
332,Q4 1992,238.0,The Bodyguard,Warner Bros.,121945720.0,1992/11/25,1992/12/31,Q4,1992
108,Q2 1992,241.0,Far and Away,Universal Pictures,58883840.0,1992/5/22,1992/6/30,Q2,1992
156,Q4 1992,235.0,Home Alone 2: Lost in New York,Twentieth Century Fox,173585516.0,1992/11/20,1992/12/31,Q4,1992
47,Q2 1992,236.0,Batman Returns,Warner Bros.,162831698.0,1992/6/19,1992/6/30,Q2,1992
275,Q4 1992,270.0,Scent of a Woman,Universal Pictures,63095253.0,1992/12/23,1992/12/31,Q4,1992
437,Q1 1992,260.0,Wayne's World,Paramount Pictures,121697323.0,1992/2/14,1992/3/31,Q1,1992
431,Q3 1992,239.0,Unforgiven,Warner Bros.,101157447.0,1992/8/7,1992/9/30,Q3,1992
157,Q3 1992,261.0,"Honey, I Blew Up the Kid",Walt Disney Studios Motion Pictures,58662452.0,1992/7/17,1992/9/30,Q3,1992
339,Q4 1992,262.0,The Crying Game,Miramax,62548947.0,1992/11/27,1992/12/31,Q4,1992
349,Q3 1993,324.0,The Fugitive,Warner Bros.,183403565.0,1993/8/6,1993/9/30,Q3,1993
83,Q4 1993,332.0,Cool Runnings,Walt Disney Studios Motion Pictures,68856263.0,1993/10/1,1993/12/31,Q4,1993
276,Q4 1993,352.0,Schindler's List,Universal Pictures,96065768.0,1993/12/15,1993/12/31,Q4,1993
134,Q1 1993,329.0,Groundhog Day,Columbia Pictures,70906973.0,1993/2/12,1993/3/31,Q1,1993
187,Q2 1993,323.0,Jurassic Park,Universal Pictures,357067947.0,1993/6/11,1993/6/30,Q2,1993
136,Q4 1993,346.0,Grumpy Old Men,Warner Bros.,70172621.0,1993/12/25,1993/12/31,Q4,1993
235,Q4 1993,325.0,Mrs. Doubtfire,Twentieth Century Fox,219195243.0,1993/11/24,1993/12/31,Q4,1993
169,Q3 1993,326.0,In the Line of Fire,Columbia Pictures,102314823.0,1993/7/9,1993/9/30,Q3,1993
119,Q3 1993,350.0,Free Willy,Warner Bros.,77698625.0,1993/7/16,1993/9/30,Q3,1993
386,Q4 1993,333.0,The Pelican Brief,Warner Bros.,100768056.0,1993/12/17,1993/12/31,Q4,1993
337,Q3 1994,461.0,The Client,Warner Bros.,92115211.0,1994/7/22,1994/9/30,Q3,1994
299,Q2 1994,438.0,Speed,Twentieth Century Fox,121248145.0,1994/6/10,1994/6/30,Q2,1994
176,Q4 1994,412.0,Interview with the Vampire: The Vampire Chronicles,Warner Bros.,105264608.0,1994/11/11,1994/12/31,Q4,1994
102,Q4 1994,417.0,Dumb and Dumber,New Line Cinema,127175374.0,1994/12/16,1994/12/31,Q4,1994
397,Q4 1994,411.0,The Santa Clause,Walt Disney Studios Motion Pictures,144833357.0,1994/11/11,1994/12/31,Q4,1994
260,Q4 1994,415.0,Pulp Fiction,Miramax,107928762.0,1994/10/14,1994/12/31,Q4,1994
378,Q3 1994,439.0,The Mask,New Line Cinema,119938730.0,1994/7/29,1994/9/30,Q3,1994
212,Q2 1994,437.0,Maverick,Warner Bros.,101631272.0,1994/5/20,1994/6/30,Q2,1994
95,Q4 1994,420.0,Disclosure,Warner Bros.,83015089.0,1994/12/9,1994/12/31,Q4,1994
348,Q2 1994,410.0,The Flintstones,Universal Pictures,130531208.0,1994/5/27,1994/6/30,Q2,1994
46,Q2 1995,518.0,Batman Forever,Warner Bros.,184031112.0,1995/6/16,1995/6/30,Q2,1995
117,Q3 1995,539.0,Forrest Gump,Paramount Pictures,329694499.0,1995/7/6,1995/9/30,Q3,1995
368,Q2 1995,532.0,The Lion King,Walt Disney Studios Motion Pictures,312855561.0,1995/6/15,1995/6/30,Q2,1995
418,Q4 1995,520.0,Toy Story,Walt Disney Studios Motion Pictures,191796233.0,1995/11/22,1995/12/31,Q4,1995
72,Q2 1995,522.0,Casper,Universal Pictures,100328194.0,1995/5/26,1995/6/30,Q2,1995
258,Q2 1995,558.0,Pocahontas,Walt Disney Studios Motion Pictures,141579773.0,1995/6/16,1995/6/30,Q2,1995
184,Q4 1995,527.0,Jumanji,Sony Pictures Releasing,100475249.0,1995/12/15,1995/12/31,Q4,1995
129,Q4 1995,523.0,GoldenEye,Metro-Goldwyn-Mayer (MGM),106429941.0,1995/11/17,1995/12/31,Q4,1995
11,Q4 1995,521.0,Ace Ventura: When Nature Calls,Warner Bros.,108385533.0,1995/11/10,1995/12/31,Q4,1995
27,Q2 1995,519.0,Apollo 13,Universal Pictures,172071312.0,1995/6/30,1995/6/30,Q2,1995
171,Q3 1996,625.0,Independence Day,Twentieth Century Fox,306169268.0,1996/7/3,1996/9/30,Q3,1996
2,Q4 1996,631.0,101 Dalmatians,Walt Disney Studios Motion Pictures,136189294.0,1996/11/27,1996/12/31,Q4,1996
222,Q2 1996,626.0,Mission: Impossible,Paramount Pictures,180981856.0,1996/5/22,1996/6/30,Q2,1996
278,Q4 1996,647.0,Scream,Dimension Films,103046663.0,1996/12/20,1996/12/31,Q4,1996
181,Q4 1996,634.0,Jerry Maguire,Sony Pictures Releasing,153952592.0,1996/12/13,1996/12/31,Q4,1996
219,Q4 1996,643.0,Michael,New Line Cinema,95318203.0,1996/12/25,1996/12/31,Q4,1996
384,Q2 1996,627.0,The Nutty Professor,Universal Pictures,128814019.0,1996/6/28,1996/6/30,Q2,1996
394,Q2 1996,628.0,The Rock,Walt Disney Studios Motion Pictures,134069511.0,1996/6/7,1996/6/30,Q2,1996
430,Q2 1996,630.0,Twister,Warner Bros.,241721524.0,1996/5/10,1996/6/30,Q2,1996
263,Q4 1996,629.0,Ransom,Walt Disney Studios Motion Pictures,136492681.0,1996/11/8,1996/12/31,Q4,1996
416,Q4 1997,748.0,Tomorrow Never Dies,Metro-Goldwyn-Mayer (MGM),125304276.0,1997/12/19,1997/12/31,Q4,1997
30,Q4 1997,763.0,As Good as It Gets,Sony Pictures Releasing,148478011.0,1997/12/23,1997/12/31,Q4,1997
12,Q3 1997,742.0,Air Force One,Sony Pictures Releasing,172956409.0,1997/7/25,1997/9/30,Q3,1997
313,Q1 1997,751.0,Star Wars: Episode IV - A New Hope1997 Special Edition,Twentieth Century Fox,138257865.0,1997/1/31,1997/3/31,Q1,1997
279,Q4 1997,749.0,Scream 2,Dimension Films,101363301.0,1997/12/12,1997/12/31,Q4,1997
44,Q2 1997,744.0,Batman & Robin,Warner Bros.,107325195.0,1997/6/20,1997/6/30,Q2,1997
414,Q4 1997,743.0,Titanic,Paramount Pictures,600788188.0,1997/12/19,1997/12/31,Q4,1997
215,Q3 1997,739.0,Men in Black,Sony Pictures Releasing,250690539.0,1997/7/2,1997/9/30,Q3,1997
376,Q2 1997,740.0,The Lost World: Jurassic Park,Universal Pictures,229086679.0,1997/5/23,1997/6/30,Q2,1997
199,Q1 1997,741.0,Liar Liar,Universal Pictures,181410615.0,1997/3/21,1997/3/31,Q1,1997
97,Q2 1998,903.0,Doctor Dolittle,Twentieth Century Fox,144156605.0,1998/6/26,1998/6/30,Q2,1998
7,Q4 1998,866.0,A Bug's Life,Walt Disney Studios Motion Pictures,157505918.0,1998/11/20,1998/12/31,Q4,1998
273,Q3 1998,863.0,Saving Private Ryan,DreamWorks Distribution,216540909.0,1998/7/24,1998/9/30,Q3,1998
29,Q3 1998,862.0,Armageddon,Walt Disney Studios Motion Pictures,201578182.0,1998/7/1,1998/9/30,Q3,1998
236,Q2 1998,911.0,Mulan,Walt Disney Studios Motion Pictures,120620254.0,1998/6/19,1998/6/30,Q2,1998
127,Q2 1998,865.0,Godzilla,Sony Pictures Releasing,136314294.0,1998/5/20,1998/6/30,Q2,1998
453,Q4 1998,872.0,You've Got Mail,Warner Bros.,115821495.0,1998/12/18,1998/12/31,Q4,1998
89,Q2 1998,864.0,Deep Impact,Paramount Pictures,140464664.0,1998/5/8,1998/6/30,Q2,1998
198,Q3 1998,916.0,Lethal Weapon 4,Warner Bros.,130444603.0,1998/7/10,1998/9/30,Q3,1998
250,Q4 1998,877.0,Patch Adams,Universal Pictures,135026902.0,1998/12/25,1998/12/31,Q4,1998
54,Q2 1999,1023.0,Big Daddy,Sony Pictures Releasing,163479795.0,1999/6/25,1999/6/30,Q2,1999
382,Q2 1999,1024.0,The Mummy,Universal Pictures,155385488.0,1999/5/7,1999/6/30,Q2,1999
271,Q3 1999,1113.0,Rush Hour,New Line Cinema,141186864.0,1999/9/18,1999/9/30,Q3,1999
410,Q3 1999,1131.0,There's Something About Mary,Twentieth Century Fox,176484651.0,1999/7/15,1999/9/30,Q3,1999
379,Q1 1999,1022.0,The Matrix,Warner Bros.,171479930.0,1999/3/31,1999/3/31,Q1,1999
32,Q2 1999,1077.0,Austin Powers: The Spy Who Shagged Me,New Line Cinema,206040086.0,1999/6/11,1999/6/30,Q2,1999
270,Q3 1999,1025.0,Runaway Bride,Paramount Pictures,152257509.0,1999/7/30,1999/9/30,Q3,1999
310,Q2 1999,1019.0,Star Wars: Episode I - The Phantom Menace,Twentieth Century Fox,431088295.0,1999/5/19,1999/6/30,Q2,1999
402,Q3 1999,1020.0,The Sixth Sense,Walt Disney Studios Motion Pictures,293506292.0,1999/8/6,1999/9/30,Q3,1999
419,Q4 1999,1021.0,Toy Story 2,Walt Disney Studios Motion Pictures,242947795.0,1999/11/19,1999/12/31,Q4,1999
161,Q4 2000,1314.0,How the Grinch Stole Christmas,Universal Pictures,260044825.0,2000/11/17,2000/12/31,Q4,2000
226,Q2 2000,1315.0,Mission: Impossible II,Paramount Pictures,215409889.0,2000/5/24,2000/6/30,Q2,2000
447,Q3 2000,1319.0,X-Men,Twentieth Century Fox,157299718.0,2000/7/14,2000/9/30,Q3,2000
126,Q2 2000,1316.0,Gladiator,DreamWorks Distribution,187705427.0,2000/5/5,2000/6/30,Q2,2000
73,Q4 2000,1331.0,Cast Away,Twentieth Century Fox,233632142.0,2000/12/22,2000/12/31,Q4,2000
440,Q4 2000,1327.0,What Women Want,Paramount Pictures,182811707.0,2000/12/15,2000/12/31,Q4,2000
323,Q2 2000,1526.0,Tarzan,Walt Disney Studios Motion Pictures,171091819.0,2000/6/16,2000/6/30,Q2,2000
214,Q4 2000,1318.0,Meet the Parents,Universal Pictures,166244045.0,2000/10/6,2000/12/31,Q4,2000
387,Q2 2000,1317.0,The Perfect Storm,Warner Bros.,182618434.0,2000/6/30,2000/6/30,Q2,2000
274,Q3 2000,1321.0,Scary Movie,Miramax,157019771.0,2000/7/7,2000/9/30,Q3,2000
272,Q3 2001,1620.0,Rush Hour 2,New Line Cinema,226164286.0,2001/8/3,2001/9/30,Q3,2001
251,Q2 2001,1622.0,Pearl Harbor,Walt Disney Studios Motion Pictures,198542554.0,2001/5/25,2001/6/30,Q2,2001
245,Q4 2001,1628.0,Ocean's Eleven,Warner Bros.,183417150.0,2001/12/7,2001/12/31,Q4,2001
383,Q2 2001,1621.0,The Mummy Returns,Universal Pictures,202019785.0,2001/5/4,2001/6/30,Q2,2001
257,Q3 2001,1625.0,Planet of the Apes,Twentieth Century Fox,180011740.0,2001/7/27,2001/9/30,Q3,2001
373,Q4 2001,1624.0,The Lord of the Rings: The Fellowship of the Ring,New Line Cinema,313364114.0,2001/12/19,2001/12/31,Q4,2001
232,Q4 2001,1619.0,"Monsters, Inc.",Walt Disney Studios Motion Pictures,255284677.0,2001/11/2,2001/12/31,Q4,2001
150,Q4 2001,1617.0,Harry Potter and the Sorcerer's Stone,Warner Bros.,317575550.0,2001/11/16,2001/12/31,Q4,2001
286,Q2 2001,1618.0,Shrek,DreamWorks Distribution,267665011.0,2001/5/16,2001/6/30,Q2,2001
188,Q3 2001,1623.0,Jurassic Park III,Universal Pictures,181171875.0,2001/7/18,2001/9/30,Q3,2001
375,Q4 2002,1902.0,The Lord of the Rings: The Two Towers,New Line Cinema,339785181.0,2002/12/18,2002/12/31,Q4,2002
143,Q4 2002,1900.0,Harry Potter and the Chamber of Secrets,Warner Bros.,261988482.0,2002/11/15,2002/12/31,Q4,2002
165,Q1 2002,1905.0,Ice Age,Twentieth Century Fox,176387405.0,2002/3/15,2002/3/31,Q1,2002
311,Q2 2002,1899.0,Star Wars: Episode II - Attack of the Clones,Twentieth Century Fox,302191252.0,2002/5/16,2002/6/30,Q2,2002
300,Q2 2002,1898.0,Spider-Man,Sony Pictures Releasing,403706375.0,2002/5/3,2002/6/30,Q2,2002
77,Q4 2002,2074.0,Chicago,Miramax,169508422.0,2002/12/27,2002/12/31,Q4,2002
237,Q2 2002,1948.0,My Big Fat Greek Wedding,IFC Films,240742368.0,2002/4/19,2002/6/30,Q2,2002
290,Q3 2002,1901.0,Signs,Walt Disney Studios Motion Pictures,227647707.0,2002/8/2,2002/9/30,Q3,2002
217,Q3 2002,1904.0,Men in Black II,Sony Pictures Releasing,190418803.0,2002/7/3,2002/9/30,Q3,2002
31,Q3 2002,1903.0,Austin Powers in Goldmember,New Line Cinema,213307889.0,2002/7/26,2002/9/30,Q3,2002
42,Q3 2003,2356.0,Bad Boys II,Sony Pictures Releasing,138608444.0,2003/7/18,2003/9/30,Q3,2003
452,Q3 2003,2697.0,xXx,Revolution Studios,142109382.0,2003/8/9,2003/9/30,Q3,2003
451,Q2 2003,2354.0,X2: X-Men United,Twentieth Century Fox,214946072.0,2003/5/2,2003/6/30,Q2,2003
325,Q3 2003,2355.0,Terminator 3: Rise of the Machines,Warner Bros.,150358296.0,2003/7/2,2003/9/30,Q3,2003
64,Q2 2003,2353.0,Bruce Almighty,Universal Pictures,242829261.0,2003/5/23,2003/6/30,Q2,2003
381,Q4 2003,2357.0,The Matrix Revolutions,Warner Bros.,139313948.0,2003/11/5,2003/12/31,Q4,2003
374,Q4 2003,2352.0,The Lord of the Rings: The Return of the King,New Line Cinema,377027325.0,2003/12/17,2003/12/31,Q4,2003
380,Q2 2003,2351.0,The Matrix Reloaded,Warner Bros.,281576461.0,2003/5/15,2003/6/30,Q2,2003
255,Q3 2003,2350.0,Pirates of the Caribbean: The Curse of the Black Pearl,Walt Disney Studios Motion Pictures,305413918.0,2003/7/9,2003/9/30,Q3,2003
114,Q2 2003,2349.0,Finding Nemo,Walt Disney Studios Motion Pictures,339714978.0,2003/5/30,2003/6/30,Q2,2003
287,Q2 2004,2930.0,Shrek 2,DreamWorks Distribution,441181022.0,2004/5/19,2004/6/30,Q2,2004
385,Q1 2004,2932.0,The Passion of the Christ,Newmarket Films,369895388.0,2004/2/25,2004/3/31,Q1,2004
240,Q4 2004,2939.0,National Treasure,Walt Disney Studios Motion Pictures,168521875.0,2004/11/19,2004/12/31,Q4,2004
213,Q4 2004,2942.0,Meet the Fockers,Universal Pictures,279261160.0,2004/12/22,2004/12/31,Q4,2004
301,Q2 2004,2931.0,Spider-Man 2,Sony Pictures Releasing,373585825.0,2004/6/30,2004/6/30,Q2,2004
149,Q2 2004,2933.0,Harry Potter and the Prisoner of Azkaban,Warner Bros.,249541069.0,2004/6/4,2004/6/30,Q2,2004
362,Q4 2004,2934.0,The Incredibles,Walt Disney Studios Motion Pictures,256887647.0,2004/11/5,2004/12/31,Q4,2004
333,Q3 2004,2936.0,The Bourne Supremacy,Universal Pictures,176241941.0,2004/7/23,2004/9/30,Q3,2004
388,Q4 2004,2938.0,The Polar Express,Warner Bros.,162775358.0,2004/11/10,2004/12/31,Q4,2004
343,Q2 2004,2935.0,The Day After Tomorrow,Twentieth Century Fox,186716750.0,2004/5/28,2004/6/30,Q2,2004
193,Q4 2005,3539.0,King Kong,Universal Pictures,218080025.0,2005/12/14,2005/12/31,Q4,2005
75,Q3 2005,3534.0,Charlie and the Chocolate Factory,Warner Bros.,206459076.0,2005/7/15,2005/9/30,Q3,2005
336,Q4 2005,3533.0,"The Chronicles of Narnia: The Lion, the Witch and the Wardrobe",Walt Disney Studios Motion Pictures,287482269.0,2005/12/9,2005/12/31,Q4,2005
45,Q2 2005,3535.0,Batman Begins,Warner Bros.,205343774.0,2005/6/15,2005/6/30,Q2,2005
233,Q2 2005,3537.0,Mr. & Mrs. Smith,Twentieth Century Fox,186283815.0,2005/6/10,2005/6/30,Q2,2005
436,Q2 2005,3532.0,War of the Worlds,Paramount Pictures,234280354.0,2005/6/29,2005/6/30,Q2,2005
312,Q2 2005,3530.0,Star Wars: Episode III - Revenge of the Sith,Twentieth Century Fox,380270577.0,2005/5/19,2005/6/30,Q2,2005
146,Q4 2005,3531.0,Harry Potter and the Goblet of Fire,Warner Bros.,290013036.0,2005/11/18,2005/12/31,Q4,2005
204,Q2 2005,3536.0,Madagascar,DreamWorks Distribution,193595521.0,2005/5/27,2005/6/30,Q2,2005
438,Q3 2005,3619.0,Wedding Crashers,New Line Cinema,209255921.0,2005/7/15,2005/9/30,Q3,2005
253,Q3 2006,4102.0,Pirates of the Caribbean: Dead Man's Chest,Walt Disney Studios Motion Pictures,422614379.0,2006/7/7,2006/9/30,Q3,2006
242,Q4 2006,4118.0,Night at the Museum,Twentieth Century Fox,250860439.0,2006/12/22,2006/12/31,Q4,2006
450,Q2 2006,4104.0,X-Men: The Last Stand,Twentieth Century Fox,234337076.0,2006/5/26,2006/6/30,Q2,2006
69,Q2 2006,4103.0,Cars,Walt Disney Studios Motion Pictures,244082982.0,2006/6/9,2006/6/30,Q2,2006
71,Q4 2006,4110.0,Casino Royale,Sony Pictures Releasing,167007184.0,2006/11/17,2006/12/31,Q4,2006
340,Q2 2006,4105.0,The Da Vinci Code,Sony Pictures Releasing,217536138.0,2006/5/19,2006/6/30,Q2,2006
168,Q1 2006,4107.0,Ice Age: The Meltdown,Twentieth Century Fox,195306682.0,2006/3/31,2006/3/31,Q1,2006
391,Q4 2006,4119.0,The Pursuit of Happyness,Sony Pictures Releasing,163313999.0,2006/12/15,2006/12/31,Q4,2006
319,Q2 2006,4106.0,Superman Returns,Warner Bros.,200081192.0,2006/6/28,2006/6/30,Q2,2006
141,Q4 2006,4108.0,Happy Feet,Warner Bros.,198000317.0,2006/11/17,2006/12/31,Q4,2006
334,Q3 2007,4751.0,The Bourne Ultimatum,Universal Pictures,227471070.0,2007/8/3,2007/9/30,Q3,2007
0,Q1 2007,4752.0,300,Warner Bros.,210614939.0,2007/3/9,2007/3/31,Q1,2007
16,Q4 2007,4758.0,Alvin and the Chipmunks,Twentieth Century Fox,217313244.0,2007/12/14,2007/12/31,Q4,2007
148,Q3 2007,4750.0,Harry Potter and the Order of the Phoenix,Warner Bros.,292004738.0,2007/7/11,2007/9/30,Q3,2007
163,Q4 2007,4754.0,I Am Legend,Warner Bros.,256393010.0,2007/12/14,2007/12/31,Q4,2007
289,Q2 2007,4747.0,Shrek the Third,DreamWorks,322719944.0,2007/5/18,2007/6/30,Q2,2007
252,Q2 2007,4749.0,Pirates of the Caribbean: At World's End,Walt Disney Studios Motion Pictures,309420425.0,2007/5/25,2007/6/30,Q2,2007
302,Q2 2007,4746.0,Spider-Man 3,Sony Pictures Releasing,336530303.0,2007/5/4,2007/6/30,Q2,2007
241,Q4 2007,4761.0,National Treasure: Book of Secrets,Walt Disney Studios Motion Pictures,215306145.0,2007/12/21,2007/12/31,Q4,2007
421,Q3 2007,4748.0,Transformers,DreamWorks,319246193.0,2007/7/3,2007/9/30,Q3,2007
177,Q2 2008,5423.0,Iron Man,Paramount Pictures,318604126.0,2008/5/2,2008/6/30,Q2,2008
139,Q3 2008,5424.0,Hancock,Sony Pictures Releasing,227946274.0,2008/7/2,2008/9/30,Q3,2008
172,Q2 2008,5422.0,Indiana Jones and the Kingdom of the Crystal Skull,Paramount Pictures,317101119.0,2008/5/22,2008/6/30,Q2,2008
261,Q4 2008,5429.0,Quantum of Solace,Sony Pictures Releasing,168368427.0,2008/11/14,2008/12/31,Q4,2008
341,Q3 2008,5421.0,The Dark Knight,Warner Bros.,533345358.0,2008/7/18,2008/9/30,Q3,2008
158,Q1 2008,5431.0,Horton Hears a Who!,Twentieth Century Fox,154466039.0,2008/3/14,2008/3/31,Q1,2008
435,Q2 2008,5425.0,WALL¬∑E,Walt Disney Studios Motion Pictures,223799741.0,2008/6/27,2008/6/30,Q2,2008
206,Q4 2008,5427.0,Madagascar: Escape 2 Africa,DreamWorks,180010950.0,2008/11/7,2008/12/31,Q4,2008
195,Q2 2008,5426.0,Kung Fu Panda,DreamWorks,215434591.0,2008/6/6,2008/6/30,Q2,2008
428,Q4 2008,5428.0,Twilight,Summit Entertainment,192769854.0,2008/11/21,2008/12/31,Q4,2008
305,Q2 2009,6059.0,Star Trek,Paramount Pictures,257730019.0,2009/5/8,2009/6/30,Q2,2009
331,Q4 2009,6061.0,The Blind Side,Warner Bros.,255951749.0,2009/11/20,2009/12/31,Q4,2009
284,Q4 2009,6084.0,Sherlock Holmes,Warner Bros.,209028679.0,2009/12/25,2009/12/31,Q4,2009
432,Q2 2009,6055.0,Up,Walt Disney Studios Motion Pictures,293004164.0,2009/5/29,2009/6/30,Q2,2009
352,Q2 2009,6058.0,The Hangover,Warner Bros.,277322503.0,2009/6/5,2009/6/30,Q2,2009
147,Q3 2009,6054.0,Harry Potter and the Half-Blood Prince,Warner Bros.,301959197.0,2009/7/15,2009/9/30,Q3,2009
407,Q4 2009,6056.0,The Twilight Saga: New Moon,Summit Entertainment,296623634.0,2009/11/20,2009/12/31,Q4,2009
17,Q4 2009,6076.0,Alvin and the Chipmunks: The Squeakquel,Twentieth Century Fox,219553378.0,2009/12/23,2009/12/31,Q4,2009
33,Q4 2009,6057.0,Avatar,Twentieth Century Fox,749766139.0,2009/12/18,2009/12/31,Q4,2009
424,Q2 2009,6053.0,Transformers: Revenge of the Fallen,DreamWorks,402111870.0,2009/6/24,2009/6/30,Q2,2009
321,Q4 2010,6643.0,Tangled,Walt Disney Studios Motion Pictures,200807262.0,2010/11/24,2010/12/31,Q4,2010
170,Q3 2010,6635.0,Inception,Warner Bros.,292576195.0,2010/7/16,2010/9/30,Q3,2010
144,Q4 2010,6636.0,Harry Potter and the Deathly Hallows: Part 1,Warner Bros.,295983305.0,2010/11/19,2010/12/31,Q4,2010
288,Q2 2010,6638.0,Shrek Forever After,DreamWorks,238736787.0,2010/5/21,2010/6/30,Q2,2010
90,Q3 2010,6637.0,Despicable Me,Universal Pictures,251513985.0,2010/7/9,2010/9/30,Q3,2010
162,Q1 2010,6639.0,How to Train Your Dragon,DreamWorks,217581231.0,2010/3/26,2010/3/31,Q1,2010
406,Q2 2010,6634.0,The Twilight Saga: Eclipse,Summit Entertainment,300531751.0,2010/6/30,2010/6/30,Q2,2010
420,Q2 2010,6631.0,Toy Story 3,Walt Disney Studios Motion Pictures,415004880.0,2010/6/18,2010/6/30,Q2,2010
178,Q2 2010,6633.0,Iron Man 2,Paramount Pictures,312433331.0,2010/5/7,2010/6/30,Q2,2010
13,Q1 2010,6632.0,Alice in Wonderland,Walt Disney Studios Motion Pictures,332430200.0,2010/3/5,2010/3/31,Q1,2010
254,Q2 2011,7229.0,Pirates of the Caribbean: On Stranger Tides,Walt Disney Studios Motion Pictures,237710309.0,2011/5/20,2011/6/30,Q2,2011
70,Q2 2011,7231.0,Cars 2,Walt Disney Studios Motion Pictures,191393981.0,2011/6/24,2011/6/30,Q2,2011
110,Q2 2011,7230.0,Fast Five,Universal Pictures,209837675.0,2011/4/29,2011/6/30,Q2,2011
224,Q4 2011,7245.0,Mission: Impossible - Ghost Protocol,Paramount Pictures,209397903.0,2011/12/16,2011/12/31,Q4,2011
411,Q2 2011,7232.0,Thor,Paramount Pictures,181030624.0,2011/5/6,2011/6/30,Q2,2011
285,Q4 2011,7243.0,Sherlock Holmes: A Game of Shadows,Warner Bros.,186848418.0,2011/12/16,2011/12/31,Q4,2011
145,Q3 2011,7225.0,Harry Potter and the Deathly Hallows: Part 2,Warner Bros.,381011219.0,2011/7/15,2011/9/30,Q3,2011
353,Q2 2011,7228.0,The Hangover Part II,Warner Bros.,254464305.0,2011/5/26,2011/6/30,Q2,2011
423,Q2 2011,7226.0,Transformers: Dark of the Moon,DreamWorks,352390543.0,2011/6/29,2011/6/30,Q2,2011
404,Q4 2011,7227.0,The Twilight Saga: Breaking Dawn - Part 1,Summit Entertainment,281287133.0,2011/11/18,2011/12/31,Q4,2011
342,Q3 2012,7855.0,The Dark Knight Rises,Warner Bros.,448139099.0,2012/7/20,2012/9/30,Q3,2012
293,Q4 2012,7857.0,Skyfall,Sony Pictures Releasing,304164760.0,2012/11/9,2012/12/31,Q4,2012
324,Q2 2012,7862.0,Ted,Universal Pictures,218815487.0,2012/6/29,2012/6/30,Q2,2012
329,Q2 2012,7854.0,The Avengers,Walt Disney Studios Motion Pictures,623357910.0,2012/5/4,2012/6/30,Q2,2012
358,Q1 2012,7856.0,The Hunger Games,Lionsgate,408010692.0,2012/3/23,2012/3/31,Q1,2012
355,Q4 2012,7861.0,The Hobbit: An Unexpected Journey,Warner Bros.,303003568.0,2012/12/14,2012/12/31,Q4,2012
61,Q2 2012,7860.0,Brave,Walt Disney Studios Motion Pictures,237283207.0,2012/6/22,2012/6/30,Q2,2012
327,Q3 2012,7859.0,The Amazing Spider-Man,Sony Pictures Releasing,262030663.0,2012/7/3,2012/9/30,Q3,2012
405,Q4 2012,7858.0,The Twilight Saga: Breaking Dawn - Part 2,Lionsgate,292324737.0,2012/11/16,2012/12/31,Q4,2012
205,Q2 2012,7863.0,Madagascar 3: Europe's Most Wanted,DreamWorks,216391482.0,2012/6/8,2012/6/30,Q2,2012
210,Q2 2013,8564.0,Man of Steel,Warner Bros.,291045518.0,2013/6/14,2013/6/30,Q2,2013
132,Q4 2013,8567.0,Gravity,Warner Bros.,274092705.0,2013/10/4,2013/12/31,Q4,2013
230,Q2 2013,8565.0,Monsters University,Walt Disney Studios Motion Pictures,268492764.0,2013/6/21,2013/6/30,Q2,2013
248,Q1 2013,8569.0,Oz the Great and Powerful,Walt Disney Studios Motion Pictures,232613195.0,2013/3/8,2013/3/31,Q1,2013
357,Q4 2013,8573.0,The Hobbit: The Desolation of Smaug,Warner Bros.,258366855.0,2013/12/13,2013/12/31,Q4,2013
121,Q4 2013,8566.0,Frozen,Walt Disney Studios Motion Pictures,400227936.0,2013/11/22,2013/12/31,Q4,2013
109,Q2 2013,8568.0,Fast & Furious 6,Universal Pictures,238679850.0,2013/5/24,2013/6/30,Q2,2013
91,Q3 2013,8563.0,Despicable Me 2,Universal Pictures,368065385.0,2013/7/3,2013/9/30,Q3,2013
179,Q2 2013,8561.0,Iron Man 3,Walt Disney Studios Motion Pictures,406609688.0,2013/5/3,2013/6/30,Q2,2013
359,Q4 2013,8562.0,The Hunger Games: Catching Fire,Lionsgate,424668047.0,2013/11/22,2013/12/31,Q4,2013
356,Q4 2014,9279.0,The Hobbit: The Battle of the Five Armies,Warner Bros.,255119788.0,2014/12/17,2014/12/31,Q4,2014
55,Q4 2014,9274.0,Big Hero 6,Walt Disney Studios Motion Pictures,222520426.0,2014/11/7,2014/12/31,Q4,2014
208,Q2 2014,9271.0,Maleficent,Walt Disney Studios Motion Pictures,241410378.0,2014/5/30,2014/6/30,Q2,2014
422,Q2 2014,9270.0,Transformers: Age of Extinction,Paramount Pictures,245439076.0,2014/6/27,2014/6/30,Q2,2014
68,Q2 2014,9269.0,Captain America: The Winter Soldier,Walt Disney Studios Motion Pictures,255447104.0,2014/4/4,2014/6/30,Q2,2014
21,Q4 2014,9484.0,American Sniper,Warner Bros.,350126372.0,2014/12/25,2014/12/31,Q4,2014
137,Q3 2014,9266.0,Guardians of the Galaxy,Walt Disney Studios Motion Pictures,333176600.0,2014/8/1,2014/9/30,Q3,2014
449,Q2 2014,9272.0,X-Men: Days of Future Past,Twentieth Century Fox,233904517.0,2014/5/23,2014/6/30,Q2,2014
367,Q1 2014,9268.0,The Lego Movie,Warner Bros.,257760692.0,2014/2/7,2014/3/31,Q1,2014
360,Q4 2014,9267.0,The Hunger Games: Mockingjay - Part 1,Lionsgate,337135885.0,2014/11/21,2014/12/31,Q4,2014
122,Q2 2015,10018.0,Furious 7,Universal Pictures,353007020.0,2015/4/3,2015/6/30,Q2,2015
361,Q4 2015,10021.0,The Hunger Games: Mockingjay - Part 2,Lionsgate,281723902.0,2015/11/20,2015/12/31,Q4,2015
220,Q3 2015,10020.0,Minions,Universal Pictures,336045770.0,2015/7/10,2015/9/30,Q3,2015
377,Q4 2015,10022.0,The Martian,Twentieth Century Fox,228395947.0,2015/10/2,2015/12/31,Q4,2015
79,Q1 2015,10023.0,Cinderella,Walt Disney Studios Motion Pictures,197998802.0,2015/3/13,2015/3/31,Q1,2015
314,Q4 2015,10015.0,Star Wars: Episode VII - The Force Awakens,Walt Disney Studios Motion Pictures,936660090.0,2015/12/18,2015/12/31,Q4,2015
34,Q2 2015,10016.0,Avengers: Age of Ultron,Walt Disney Studios Motion Pictures,459005868.0,2015/5/1,2015/6/30,Q2,2015
298,Q4 2015,10024.0,Spectre,Sony Pictures Releasing,200074609.0,2015/11/6,2015/12/31,Q4,2015
174,Q2 2015,10017.0,Inside Out,Walt Disney Studios Motion Pictures,356461711.0,2015/6/19,2015/6/30,Q2,2015
189,Q2 2015,10014.0,Jurassic World,Universal Pictures,652270625.0,2015/6/12,2015/6/30,Q2,2015
399,Q3 2016,10723.0,The Secret Life of Pets,Universal Pictures,368384330.0,2016/7/8,2016/9/30,Q3,2016
318,Q3 2016,10728.0,Suicide Squad,Warner Bros.,325100054.0,2016/8/5,2016/9/30,Q3,2016
268,Q4 2016,10721.0,Rogue One: A Star Wars Story,Walt Disney Studios Motion Pictures,532177324.0,2016/12/16,2016/12/31,Q4,2016
66,Q2 2016,10722.0,Captain America: Civil War,Walt Disney Studios Motion Pictures,408084349.0,2016/5/6,2016/6/30,Q2,2016
113,Q2 2016,10720.0,Finding Dory,Walt Disney Studios Motion Pictures,486295561.0,2016/6/17,2016/6/30,Q2,2016
291,Q4 2016,10737.0,Sing,Universal Pictures,270329045.0,2016/12/21,2016/12/31,Q4,2016
454,Q1 2016,10726.0,Zootopia,Walt Disney Studios Motion Pictures,341268248.0,2016/3/4,2016/3/31,Q1,2016
48,Q1 2016,10727.0,Batman v Superman: Dawn of Justice,Warner Bros.,330360194.0,2016/3/25,2016/3/31,Q1,2016
87,Q1 2016,10725.0,Deadpool,Twentieth Century Fox,363042311.0,2016/2/12,2016/3/31,Q1,2016
364,Q2 2016,10724.0,The Jungle Book,Walt Disney Studios Motion Pictures,364001123.0,2016/4/15,2016/6/30,Q2,2016
303,Q3 2017,11463.0,Spider-Man: Homecoming,Sony Pictures Releasing,334201140.0,2017/7/7,2017/9/30,Q3,2017
412,Q4 2017,11465.0,Thor: Ragnarok,Walt Disney Studios Motion Pictures,315058289.0,2017/11/3,2017/12/31,Q4,2017
180,Q3 2017,11464.0,It,Warner Bros.,327481748.0,2017/9/8,2017/9/30,Q3,2017
191,Q4 2017,11469.0,Justice League,Warner Bros.,229024295.0,2017/11/17,2017/12/31,Q4,2017
138,Q2 2017,11462.0,Guardians of the Galaxy Vol. 2,Walt Disney Studios Motion Pictures,389813101.0,2017/5/5,2017/6/30,Q2,2017
50,Q1 2017,11460.0,Beauty and the Beast,Walt Disney Studios Motion Pictures,504014165.0,2017/3/17,2017/3/31,Q1,2017
443,Q2 2017,11461.0,Wonder Woman,Warner Bros.,412563408.0,2017/6/2,2017/6/30,Q2,2017
315,Q4 2017,11459.0,Star Wars: Episode VIII - The Last Jedi,Walt Disney Studios Motion Pictures,620181382.0,2017/12/15,2017/12/31,Q4,2017
92,Q2 2017,11466.0,Despicable Me 3,Universal Pictures,264624300.0,2017/6/30,2017/6/30,Q2,2017
185,Q4 2017,11476.0,Jumanji: Welcome to the Jungle,Sony Pictures Releasing,404515480.0,2017/12/20,2017/12/31,Q4,2017
25,Q3 2018,12241.0,Ant-Man and the Wasp,Walt Disney Studios Motion Pictures,216648740.0,2018/7/6,2018/9/30,Q3,2018
56,Q1 2018,12233.0,Black Panther,Walt Disney Studios Motion Pictures,700059566.0,2018/2/16,2018/3/31,Q1,2018
35,Q2 2018,12234.0,Avengers: Infinity War,Walt Disney Studios Motion Pictures,678815482.0,2018/4/27,2018/6/30,Q2,2018
363,Q2 2018,12235.0,The Incredibles 2,Walt Disney Studios Motion Pictures,608581744.0,2018/6/15,2018/6/30,Q2,2018
190,Q2 2018,12236.0,Jurassic World: Fallen Kingdom,Universal Pictures,417719760.0,2018/6/22,2018/6/30,Q2,2018
28,Q4 2018,12245.0,Aquaman,Warner Bros.,335061807.0,2018/12/21,2018/12/31,Q4,2018
88,Q2 2018,12237.0,Deadpool 2,Twentieth Century Fox,318491426.0,2018/5/18,2018/6/30,Q2,2018
100,Q4 2018,12238.0,Dr. Seuss' The Grinch,Universal Pictures,270620950.0,2018/11/9,2018/12/31,Q4,2018
223,Q3 2018,12240.0,Mission: Impossible - Fallout,Paramount Pictures,220159104.0,2018/7/27,2018/9/30,Q3,2018
58,Q4 2018,12246.0,Bohemian Rhapsody,Twentieth Century Fox,216428042.0,2018/11/2,2018/12/31,Q4,2018
